{
  "tags": [
    {
      "ID": 1,
      "pose": {
        "translation": {
          "x": 15.079471999999997,
          "y": 0.24587199999999998,
          "z": 1.355852
        },
        "rotation": {
          "quaternion": {
            "W": 0.5000000000000001,
            "X": 0.0,
            "Y": 0.0,
            "Z": 0.8660254037844386
          }
        }
      }
    }
  ],
  "field": {
    "length": 16.541,
    "width": 8.211
  }
}
